<?xml version="1.0" encoding="UTF-8"?>
<project-private xmlns="http://www.netbeans.org/ns/project-private/1">
    <editor-bookmarks xmlns="http://www.netbeans.org/ns/editor-bookmarks/2" lastBookmarkId="0"/>
    <open-files xmlns="http://www.netbeans.org/ns/projectui-open-files/2">
        <group>
            <file>file:/C:/Users/fcoja/Documents/NetBeansProjects/ProyectoUsuario/src/com/app/models/Futbolista.java</file>
            <file>file:/C:/Users/fcoja/Documents/NetBeansProjects/ProyectoUsuario/src/com/app/models/DAOFutbolista.java</file>
            <file>file:/C:/Users/fcoja/Documents/NetBeansProjects/ProyectoUsuario/src/com/app/models/DAO.java</file>
            <file>file:/C:/Users/fcoja/Documents/NetBeansProjects/ProyectoUsuario/src/com/app/launch/ProyectoUsuario.java</file>
        </group>
    </open-files>
</project-private>
