<?xml version="1.0" encoding="UTF-8"?>
<project-private xmlns="http://www.netbeans.org/ns/project-private/1">
    <editor-bookmarks xmlns="http://www.netbeans.org/ns/editor-bookmarks/2" lastBookmarkId="0"/>
    <open-files xmlns="http://www.netbeans.org/ns/projectui-open-files/2">
        <group>
            <file>file:/C:/Users/Profesormanana/Documents/NetBeansProjects/ProyectoClase/FifaMobile/src/java/com/app/dao/DAO.java</file>
            <file>file:/C:/Users/Profesormanana/Documents/NetBeansProjects/ProyectoClase/FifaMobile/src/java/com/app/web/UserManager.java</file>
            <file>file:/C:/Users/Profesormanana/Documents/NetBeansProjects/ProyectoClase/FifaMobile/web/show.xhtml</file>
            <file>file:/C:/Users/Profesormanana/Documents/NetBeansProjects/ProyectoClase/FifaMobile/web/index.xhtml</file>
            <file>file:/C:/Users/Profesormanana/Documents/NetBeansProjects/ProyectoClase/FifaMobile/web/log.xhtml</file>
            <file>file:/C:/Users/Profesormanana/Documents/NetBeansProjects/ProyectoClase/FifaMobile/src/java/com/app/dao/DAOUser.java</file>
        </group>
    </open-files>
</project-private>
